[
    {
        "date": "2025-04-28",
        "important": true,
        "time": "10:00",
        "title": "Do homework"
    },
    {
        "date": "2025-05-02",
        "important": true,
        "time": "17:31",
        "title": "Cleaning"
    },
    {
        "date": "2025-04-27",
        "important": false,
        "time": "17:46",
        "title": "арапвра"
    },
    {
        "date": "2025-05-12",
        "important": true,
        "time": "12:21",
        "title": "asdasdsa"
    },
    {
        "date": "2025-05-04",
        "important": false,
        "time": "12:21",
        "title": "1323213"
    },
    {
        "date": "2025-05-14",
        "important": false,
        "time": "12:55",
        "title": "retggrereg"
    },
    {
        "date": "2025-05-25",
        "important": false,
        "time": "13:03",
        "title": "авпавпвапавп"
    },
    {
        "date": "2025-05-25",
        "important": true,
        "time": "13:03",
        "title": "авпавпвапавпацуауц"
    },
    {
        "date": "2025-05-05",
        "important": true,
        "time": "13:04",
        "title": "неоренк"
    },
    {
        "date": "2025-05-24",
        "important": false,
        "time": "13:07",
        "title": "птасп"
    },
    {
        "date": "2025-05-14",
        "important": true,
        "time": "13:40",
        "title": "Зроби лабу"
    },
    {
        "date": "2025-05-27",
        "important": true,
        "time": "13:43",
        "title": "23453452345"
    },
    {
        "date": "2025-05-22",
        "important": true,
        "time": "13:00",
        "title": "Купити пиво"
    },
    {
        "date": "2025-05-23",
        "important": true,
        "time": "13:00",
        "title": "Купити ще пиво"
    }
]